-- Población grande para las tablas

-- CLIENTE
-- CLIENTE
INSERT INTO CLIENTE (nombre, direccion, correo, password) VALUES
('Antonio Torres', 'Calle A, Murcia', 'cliente1@example.com', 'password1'),
('Laura Sánchez', 'Calle B, Cartagena', 'cliente2@example.com', 'password2'),
('José Martínez', 'Avenida C, Lorca', 'cliente3@example.com', 'password3'),
('Elena Ruiz', 'Calle D, Molina de Segura', 'cliente4@example.com', 'password4'),
('Carlos López', 'Plaza E, Alcantarilla', 'cliente5@example.com', 'password5'),
('María Gómez', 'Calle F, San Javier', 'cliente6@example.com', 'password6'),
('Miguel Díaz', 'Avenida G, Totana', 'cliente7@example.com', 'password7'),
('Sara Romero', 'Calle H, Águilas', 'cliente8@example.com', 'password8'),
('David Navarro', 'Calle I, Cehegín', 'cliente9@example.com', 'password9'),
('Lucía Ortega', 'Avenida J, Cieza', 'cliente10@example.com', 'password10');

-- EMPRESA_ASOCIADA
INSERT INTO EMPRESA_ASOCIADA (id_empresa_asociada, nombre) VALUES
(1, 'RapidExpress'),
(2, 'SuperDelivery'),
(3, 'Logística RM'),
(4, 'Entregas Ya'),
(5, 'KargoGo');

-- CATEGORIA
INSERT INTO CATEGORIA (id_categoria, nombre) VALUES
(1, 'Comida'),
(2, 'Tecnología'),
(3, 'Ropa'),
(4, 'Hogar'),
(5, 'Juguetes');

-- REPARTIDOR
INSERT INTO REPARTIDOR (id_repartidor, nombre, id_empresa_asociada) VALUES
(1, 'Juan López', 1),
(2, 'María Pérez', 2),
(3, 'Carlos Ruiz', 3),
(4, 'Ana Gómez', 4),
(5, 'Luis Martínez', 5),
(6, 'Carmen Sánchez', 1),
(7, 'Pedro Díaz', 2),
(8, 'Lucía Romero', 3),
(9, 'Jorge Ortega', 4),
(10, 'Elena Navarro', 5);

-- PRODUCTO_SERVICIO
INSERT INTO PRODUCTO_SERVICIO (id_producto_servicio, stock, precio, id_categoria, id_empresa_asociada, es_producto) VALUES
(1,  50,  25.99, 1, 1, TRUE),
(2,  40, 199.99, 2, 2, TRUE),
(3, 100,  15.00, 3, 3, TRUE),
(4,  20,  89.50, 4, 4, TRUE),
(5,  70,  12.75, 5, 5, TRUE),
(6,  60,   9.99, 1, 1, TRUE),
(7,  80, 150.00, 2, 2, TRUE),
(8,  30,  45.25, 3, 3, TRUE),
(9,  90,  30.00, 4, 4, TRUE),
(10,100,   8.00, 5, 5, TRUE),
(11, 0, 120.00, 2, 2, FALSE);  


-- MEDIO_PAGO
INSERT INTO MEDIO_PAGO (id_medio_pago, tipo) VALUES
(1, 'Tarjeta'),
(2, 'Efectivo'),
(3, 'Transferencia'),
(4, 'PayPal');

-- URGENCIA
INSERT INTO URGENCIA (id_urgencia, tipo) VALUES
(1, 'Alta'),
(2, 'Media'),
(3, 'Baja');

-- DETALLE_PEDIDO
INSERT INTO DETALLE_PEDIDO (entregado, hora_entrega, calificacion) VALUES
(TRUE,  '2024-03-01 10:00:00', NULL),
(FALSE, '2024-03-02 15:30:00', NULL),
(TRUE,  '2024-03-03 11:15:00', NULL),
(TRUE,  '2024-03-04 09:45:00', NULL),
(FALSE, '2024-03-05 13:20:00', NULL);

-- PEDIDO
INSERT INTO PEDIDO (hora_pedido, id_urgencia, id_detalle_pedido, id_repartidor, id_cliente, id_medio_pago) VALUES
('2024-03-01 09:00:00', 1, 1, 1, 1, 1),
('2024-03-02 14:00:00', 2, 2, 2, 2, 2),
('2024-03-03 10:30:00', 3, 3, 3, 3, 3),
('2024-03-04 08:45:00', 1, 4, 4, 4, 4),
('2024-03-05 12:15:00', 2, 5, 5, 5, 1),
('2024-03-06 11:20:00', 3, 1, 6, 6, 2),
('2024-03-07 16:10:00', 1, 2, 7, 7, 3),
('2024-03-08 17:05:00', 2, 3, 8, 8, 4),
('2024-03-09 10:50:00', 3, 4, 9, 9, 1),
('2024-03-10 13:40:00', 1, 5, 10, 10, 2);

-- CALIFICACION
INSERT INTO CALIFICACION (
  id_calificacion,
  total_puntos,
  total_pedidos,
  promedio,
  id_repartidor
) VALUES
(1,  5, 1, 5.00, 1),
(2,  4, 2, 2.00, 2),
(3,  3, 3, 1.00, 3),
(4,  5, 4, 1.25, 4),
(5,  2, 5, 0.40, 5),
(6,  4, 6, 0.67, 6),
(7,  1, 7, 0.14, 7),
(8,  5, 8, 0.63, 8),
(9,  3, 9, 0.33, 9),
(10, 4,10, 0.40, 10);

-- PEDIDO_PRODUCTO
INSERT INTO PEDIDO_PRODUCTO (id_pedido, id_producto_servicio, cantidad) VALUES
(1, 1, 2),
(1, 2, 1),
(2, 3, 4),
(3, 4, 1),
(3, 5, 2),
(4, 6, 1),
(5, 7, 2),
(6, 8, 3),
(7, 9, 1),
(8, 10, 2),
(9, 1, 1),
(10, 2, 3);

INSERT INTO DETALLE_PEDIDO (entregado, hora_entrega, calificacion) VALUES
(TRUE,  '2025-04-10 10:00:00', NULL),
(FALSE, '2025-04-12 15:30:00', NULL),
(TRUE,  '2025-04-15 11:15:00', NULL),
(TRUE,  '2025-04-18 09:45:00', NULL),
(FALSE, '2025-04-21 13:20:00', NULL),
(TRUE,  '2025-04-25 17:00:00', NULL),
(FALSE, '2025-04-28 12:30:00', NULL),
(TRUE,  '2025-05-02 14:00:00', NULL),
(TRUE,  '2025-05-05 16:45:00', NULL),
(FALSE, '2025-05-08 18:15:00', NULL);

INSERT INTO PEDIDO (hora_pedido, id_urgencia, id_detalle_pedido, id_repartidor, id_cliente, id_medio_pago) VALUES
('2025-04-10 09:00:00', 1, 6, 1, 2, 1),
('2025-04-12 14:00:00', 2, 7, 2, 3, 2),
('2025-04-15 10:30:00', 3, 8, 3, 4, 3),
('2025-04-18 08:45:00', 1, 9, 4, 5, 4),
('2025-04-21 12:15:00', 2,10, 5, 6, 1),
('2025-04-25 16:00:00', 3,11, 6, 7, 2),
('2025-04-28 11:30:00', 1,12, 7, 8, 3),
('2025-05-02 13:00:00', 2,13, 8, 9, 4),
('2025-05-05 15:45:00', 3,14, 9,10, 1),
('2025-05-08 17:15:00', 1,15,10, 1, 2);

INSERT INTO PEDIDO_PRODUCTO (id_pedido, id_producto_servicio, cantidad) VALUES
(11, 3, 2),
(11, 6, 1),
(12, 7, 1),
(13, 1, 3),
(14, 4, 2),
(15, 5, 1),
(16, 2, 1),
(16, 9, 2),
(17, 8, 3),
(18, 10, 1),
(19, 6, 2),
(20, 7, 1),
(20, 3, 1);



UPDATE DETALLE_PEDIDO
SET    calificacion = CASE id_detalle_pedido
                        WHEN 1 THEN 1
                        WHEN 3 THEN 3
                        WHEN 4 THEN 4
                      END
WHERE  id_detalle_pedido IN (1,3,4);